Variable,Description,Wave/Source,Keep/Exclude,Reason
X1SEX,X1 Student's sex,Base year (9th grade),KEEP,No target-family name match; no leakage keyword found in label/description; wave predates second follow-up.
X2SEX,X2 Student's sex,First follow-up (11th grade),KEEP,No target-family name match; no leakage keyword found in label/description; wave predates second follow-up.
X3T1CREDPHYS,X3 At least one credit earned in: physics,HS transcript (post-11th),KEEP,No target-family name match; no leakage keyword found in label/description; wave predates second follow-up.
X2TXMQUINT,X2 Mathematics quintile score,First follow-up (11th grade),KEEP,No target-family name match; no leakage keyword found in label/description; wave predates second follow-up.
X2TXMTSCOR,X2 Mathematics standardized theta score,First follow-up (11th grade),KEEP,No target-family name match; no leakage keyword found in label/description; wave predates second follow-up.
X2TXMSCR,X2 Mathematics IRT-estimated number right score (of ## first follow-up items),First follow-up (11th grade),KEEP,No target-family name match; no leakage keyword found in label/description; wave predates second follow-up.
X3T1CREDCALC,X3 At least one credit earned in: calculus,HS transcript (post-11th),KEEP,No target-family name match; no leakage keyword found in label/description; wave predates second follow-up.
X3T1CREDPREC,X3 At least one credit earned in: analysis/pre-calculus,HS transcript (post-11th),KEEP,No target-family name match; no leakage keyword found in label/description; wave predates second follow-up.
S2FAVSUBJ,S2 D01 Teenager's favorite school subject,First follow-up (11th grade),KEEP,No target-family name match; no leakage keyword found in label/description; wave predates second follow-up.
S2SEX,S2 B01 Teenager's sex,First follow-up (11th grade),KEEP,No target-family name match; no leakage keyword found in label/description; wave predates second follow-up.
S1SEX,S1 A01 9th grader's sex,Base year (9th grade),KEEP,No target-family name match; no leakage keyword found in label/description; wave predates second follow-up.
S2SCAREER,S2 D25F Teen is taking spring 2012 science b/c needs it for career,First follow-up (11th grade),KEEP,No target-family name match; no leakage keyword found in label/description; wave predates second follow-up.
S2CHEM1S12,S2 D22H Taking chemistry I spring 2012,First follow-up (11th grade),KEEP,No target-family name match; no leakage keyword found in label/description; wave predates second follow-up.
S2OTHBIOS12,S2 D22G Taking other biological science courses spring 2012,First follow-up (11th grade),KEEP,No target-family name match; no leakage keyword found in label/description; wave predates second follow-up.
S2CHEM2S12,S2 D22I Taking chemistry II spring 2012,First follow-up (11th grade),KEEP,No target-family name match; no leakage keyword found in label/description; wave predates second follow-up.
S2IBCHEM12,S2 D22K Taking International Baccalaureate (IB) chemistry spring 2012,First follow-up (11th grade),KEEP,No target-family name match; no leakage keyword found in label/description; wave predates second follow-up.
S2IBIOS12,S2 D22E International Baccalaureate (IB) Biology spring 2012,First follow-up (11th grade),KEEP,No target-family name match; no leakage keyword found in label/description; wave predates second follow-up.
S2ANATOMYS12,S2 D22F Taking anatomy or physiology spring 2012,First follow-up (11th grade),KEEP,No target-family name match; no leakage keyword found in label/description; wave predates second follow-up.
S2APBIOS12,S2 D22D Advanced Placement (AP) Biology spring 2012,First follow-up (11th grade),KEEP,No target-family name match; no leakage keyword found in label/description; wave predates second follow-up.
S2BIO2S12,S2 D22C Taking biology II spring 2012,First follow-up (11th grade),KEEP,No target-family name match; no leakage keyword found in label/description; wave predates second follow-up.
S2BIO1S12,S2 D22B Taking biology I spring 2012,First follow-up (11th grade),KEEP,No target-family name match; no leakage keyword found in label/description; wave predates second follow-up.
S2LIFES12,S2 D22A Taking life science spring 2012,First follow-up (11th grade),KEEP,No target-family name match; no leakage keyword found in label/description; wave predates second follow-up.
S2SSPR12,S2 D21 Teenager taking science/computer science/tech class(es) in spring 2012,First follow-up (11th grade),KEEP,No target-family name match; no leakage keyword found in label/description; wave predates second follow-up.
S2MASSEXCL,S2 D20G Teen confident can do excellent job on (spring 2012) math assignments,First follow-up (11th grade),KEEP,No target-family name match; no leakage keyword found in label/description; wave predates second follow-up.
S2MBORING,S2 D20F Teen thinks (spring 2012) math course is boring,First follow-up (11th grade),KEEP,No target-family name match; no leakage keyword found in label/description; wave predates second follow-up.
S2MTESTS,S2 D20E Teen confident can do an excellent job on (spring 2012) math tests,First follow-up (11th grade),KEEP,No target-family name match; no leakage keyword found in label/description; wave predates second follow-up.
S2MSKILLS,S2 D20D Teen certain can master skills taught in (spring 2012) math course,First follow-up (11th grade),KEEP,No target-family name match; no leakage keyword found in label/description; wave predates second follow-up.
S2MWASTE,S2 D20C Teen thinks (spring 2012) math course is a waste of time,First follow-up (11th grade),KEEP,No target-family name match; no leakage keyword found in label/description; wave predates second follow-up.
S2MENJOYING,S2 D20A Teen is enjoying (spring 2012) math course,First follow-up (11th grade),KEEP,No target-family name match; no leakage keyword found in label/description; wave predates second follow-up.
S2APCHEM12,S2 D22J Taking Advanced Placement (AP) chemistry spring 2012,First follow-up (11th grade),KEEP,No target-family name match; no leakage keyword found in label/description; wave predates second follow-up.
S2SCLGSUCC,S2 D25E Teen is taking spring 2012 science b/c needs it to succeed in college,First follow-up (11th grade),KEEP,No target-family name match; no leakage keyword found in label/description; wave predates second follow-up.
S2SCLGADM,S2 D25D Teen is taking spring 2012 science b/c needs it to get into college,First follow-up (11th grade),KEEP,No target-family name match; no leakage keyword found in label/description; wave predates second follow-up.
S2SHSREQ,S2 D25C Teen is taking spring 2012 science b/c it is a school requirement,First follow-up (11th grade),KEEP,No target-family name match; no leakage keyword found in label/description; wave predates second follow-up.
S2SCHALLENGE,S2 D25B Teen is taking spring 2012 science b/c he/she likes to be challenged,First follow-up (11th grade),KEEP,No target-family name match; no leakage keyword found in label/description; wave predates second follow-up.
S2SENJOYS,S2 D25A Teen is taking spring 2012 science b/c he/she really enjoys science,First follow-up (11th grade),KEEP,No target-family name match; no leakage keyword found in label/description; wave predates second follow-up.
S2HISCIENCE12,S2 D23 Most challenging science course spring 2012,First follow-up (11th grade),KEEP,No target-family name match; no leakage keyword found in label/description; wave predates second follow-up.
S2ENGINEER12,S2 D22EE Taking engineering spring 2012,First follow-up (11th grade),KEEP,No target-family name match; no leakage keyword found in label/description; wave predates second follow-up.
S2OTHCOMP12,S2 D22DD Taking other computer or information science course spring 2012,First follow-up (11th grade),KEEP,No target-family name match; no leakage keyword found in label/description; wave predates second follow-up.
S2APCOMPSCI12,S2 D22BB Taking AP computer science spring 2012,First follow-up (11th grade),KEEP,No target-family name match; no leakage keyword found in label/description; wave predates second follow-up.
S2COMPPROG12,S2 D22AA Taking computer programming spring 2012,First follow-up (11th grade),KEEP,No target-family name match; no leakage keyword found in label/description; wave predates second follow-up.
S2COMPAPP12,S2 D22Z Taking computer applications spring 2012,First follow-up (11th grade),KEEP,No target-family name match; no leakage keyword found in label/description; wave predates second follow-up.
S2MTEXTBOOK,S2 D20B Teen certain can understand (spring 2012) math textbook,First follow-up (11th grade),KEEP,No target-family name match; no leakage keyword found in label/description; wave predates second follow-up.
S2INTGS2S12,S2 D22X Taking integrated science II or above spring 2012,First follow-up (11th grade),KEEP,No target-family name match; no leakage keyword found in label/description; wave predates second follow-up.
S2INTGS1S12,S2 D22W Taking integrated science I spring 2012,First follow-up (11th grade),KEEP,No target-family name match; no leakage keyword found in label/description; wave predates second follow-up.
S2OTHPHYS12,S2 D22V Taking other physical science spring 2012,First follow-up (11th grade),KEEP,No target-family name match; no leakage keyword found in label/description; wave predates second follow-up.
S2PHYSS12,S2 D22T Taking physical science spring 2012,First follow-up (11th grade),KEEP,No target-family name match; no leakage keyword found in label/description; wave predates second follow-up.
S2IBPHYSIC12,S2 D22S International Baccalaureate (IB) Physics,First follow-up (11th grade),KEEP,No target-family name match; no leakage keyword found in label/description; wave predates second follow-up.
S2APPHYSIC12,S2 D22R Advanced Placement (AP) Physics B or C,First follow-up (11th grade),KEEP,No target-family name match; no leakage keyword found in label/description; wave predates second follow-up.
S2PHYSIC2S12,S2 D22Q Taking physics II spring 2012,First follow-up (11th grade),KEEP,No target-family name match; no leakage keyword found in label/description; wave predates second follow-up.
S2PHYSIC1S12,S2 D22P Taking physics I spring 2012,First follow-up (11th grade),KEEP,No target-family name match; no leakage keyword found in label/description; wave predates second follow-up.
S2OTHENVS12,S2 D22O Taking other earth or environmental science spring 2012,First follow-up (11th grade),KEEP,No target-family name match; no leakage keyword found in label/description; wave predates second follow-up.
S2APENVS12,S2 D22M Taking Advanced Placement (AP) environmental science,First follow-up (11th grade),KEEP,No target-family name match; no leakage keyword found in label/description; wave predates second follow-up.
S2EARTHS12,S2 D22L Taking earth science spring 2012,First follow-up (11th grade),KEEP,No target-family name match; no leakage keyword found in label/description; wave predates second follow-up.
S2GENS12,S2 D22Y Taking general science spring 2012,First follow-up (11th grade),KEEP,No target-family name match; no leakage keyword found in label/description; wave predates second follow-up.
S2INTGM112,S2 D15M Taking integrated math I spring 2012,First follow-up (11th grade),KEEP,No target-family name match; no leakage keyword found in label/description; wave predates second follow-up.
S2STAT12,S2 D15L Taking statistics or probability other than AP spring 2012,First follow-up (11th grade),KEEP,No target-family name match; no leakage keyword found in label/description; wave predates second follow-up.
S2APSTAT12,S2 D15K Taking Advanced Placement (AP) statistics spring 2012,First follow-up (11th grade),KEEP,No target-family name match; no leakage keyword found in label/description; wave predates second follow-up.
S2CALC12,S2 D15J Taking calculus other than AP spring 2012,First follow-up (11th grade),KEEP,No target-family name match; no leakage keyword found in label/description; wave predates second follow-up.
S2APCALC12,S2 D15I Taking Advanced Placement (AP) calculus AB or BC spring 2012,First follow-up (11th grade),KEEP,No target-family name match; no leakage keyword found in label/description; wave predates second follow-up.
S2PRECALC12,S2 D15H Taking pre-calculus or analysis and functions spring 2012,First follow-up (11th grade),KEEP,No target-family name match; no leakage keyword found in label/description; wave predates second follow-up.
S2TRIGM12,S2 D15G Taking trigonometry spring 2012,First follow-up (11th grade),KEEP,No target-family name match; no leakage keyword found in label/description; wave predates second follow-up.
S2ANGEOM12,S2 D15F Taking analytic geometry spring 2012,First follow-up (11th grade),KEEP,No target-family name match; no leakage keyword found in label/description; wave predates second follow-up.
S2GEOM12,S2 D15E Taking geometry spring 2012,First follow-up (11th grade),KEEP,No target-family name match; no leakage keyword found in label/description; wave predates second follow-up.
S2ALG3M12,S2 D15D Taking algebra III spring 2012,First follow-up (11th grade),KEEP,No target-family name match; no leakage keyword found in label/description; wave predates second follow-up.
S2MONTIME,S2 D19B How often turned in assignments on time in spring 2012 math course,First follow-up (11th grade),KEEP,No target-family name match; no leakage keyword found in label/description; wave predates second follow-up.
S2ALG1M12,S2 D15B Taking algebra I (including IA and IB) spring 2012,First follow-up (11th grade),KEEP,No target-family name match; no leakage keyword found in label/description; wave predates second follow-up.
S2PREALGM12,S2 D15A Taking pre-algebra spring 2012,First follow-up (11th grade),KEEP,No target-family name match; no leakage keyword found in label/description; wave predates second follow-up.
S2MSPR12,S2 D13 Teenager taking math class(es) in spring 2012,First follow-up (11th grade),KEEP,No target-family name match; no leakage keyword found in label/description; wave predates second follow-up.
S2ANYAP,S2 D04 Has taken advanced placement (AP) course(s),First follow-up (11th grade),KEEP,No target-family name match; no leakage keyword found in label/description; wave predates second follow-up.
S2ALG1GRADE,S2 D03 Teenager's final grade in algebra I,First follow-up (11th grade),KEEP,No target-family name match; no leakage keyword found in label/description; wave predates second follow-up.
S2ALG1WHEN,S2 D02 Grade teenager was in when he/she took algebra I,First follow-up (11th grade),KEEP,No target-family name match; no leakage keyword found in label/description; wave predates second follow-up.
S2COST4YPRV,S2 C29 Cost of tuition/mandatory fees at typical private 4-year college,First follow-up (11th grade),KEEP,No target-family name match; no leakage keyword found in label/description; wave predates second follow-up.
S2FAMILYWENT,S2 C26L Importance of family legacy when choosing college/school,First follow-up (11th grade),KEEP,No target-family name match; no leakage keyword found in label/description; wave predates second follow-up.
S2FAMREC,S2 C26F Importance of family/friend recommendations when choosing college/school,First follow-up (11th grade),KEEP,No target-family name match; no leakage keyword found in label/description; wave predates second follow-up.
S2JOBPLC,S2 C26C Importance of job placement when choosing college/school,First follow-up (11th grade),KEEP,No target-family name match; no leakage keyword found in label/description; wave predates second follow-up.
S2MOSTIMP2013,S2 C14 What parents think is most important to do in fall 2013,First follow-up (11th grade),KEEP,No target-family name match; no leakage keyword found in label/description; wave predates second follow-up.
S2ALG2M12,S2 D15C Taking algebra II spring 2012,First follow-up (11th grade),KEEP,No target-family name match; no leakage keyword found in label/description; wave predates second follow-up.
S2MGETBY,S2 D19D How often did as little work as possible in spring 2012 math course,First follow-up (11th grade),KEEP,No target-family name match; no leakage keyword found in label/description; wave predates second follow-up.
S2MSTOPTRYING,S2 D19C How often stopped trying in spring 2012 math course,First follow-up (11th grade),KEEP,No target-family name match; no leakage keyword found in label/description; wave predates second follow-up.
S2SCNSLREC,S2 D25G Teen is taking spring 2012 science b/c school counselor suggested it,First follow-up (11th grade),KEEP,No target-family name match; no leakage keyword found in label/description; wave predates second follow-up.
S2MATTENTION,S2 D19A How often paid attention to spring 2012 math teacher,First follow-up (11th grade),KEEP,No target-family name match; no leakage keyword found in label/description; wave predates second follow-up.
S2MTCHTHINK,"S2 D18D Teen's spring 2012 math teacher wants students to think, not memorize",First follow-up (11th grade),KEEP,No target-family name match; no leakage keyword found in label/description; wave predates second follow-up.
S2MTCHEASY,S2 D18C Teen's spring 2012 math teacher makes math easy to understand,First follow-up (11th grade),KEEP,No target-family name match; no leakage keyword found in label/description; wave predates second follow-up.
S2MTCHINTRST,S2 D18B Teen's spring 2012 math teacher makes math interesting,First follow-up (11th grade),KEEP,No target-family name match; no leakage keyword found in label/description; wave predates second follow-up.
S2MASSIGNED,S2 D17N Teen is taking spring 2012 math b/c it was assigned,First follow-up (11th grade),KEEP,No target-family name match; no leakage keyword found in label/description; wave predates second follow-up.
S2MDOWELL,S2 D17M Teen is taking spring 2012 math b/c does well in math,First follow-up (11th grade),KEEP,No target-family name match; no leakage keyword found in label/description; wave predates second follow-up.
S2MFRIEND,S2 D17L Teen is taking spring 2012 math b/c friends taking it,First follow-up (11th grade),KEEP,No target-family name match; no leakage keyword found in label/description; wave predates second follow-up.
S2MFAMREC,S2 D17J Teen is taking spring 2012 math b/c family member encouraged it,First follow-up (11th grade),KEEP,No target-family name match; no leakage keyword found in label/description; wave predates second follow-up.
S2INTGM212,S2 D15N Taking integrated math II spring 2012,First follow-up (11th grade),KEEP,No target-family name match; no leakage keyword found in label/description; wave predates second follow-up.
S2MTCHRREC,S2 D17H Teen is taking spring 2012 math b/c teacher encouraged it,First follow-up (11th grade),KEEP,No target-family name match; no leakage keyword found in label/description; wave predates second follow-up.
S2MCNSLREC,S2 D17G Teen is taking spring 2012 math b/c school counselor suggested it,First follow-up (11th grade),KEEP,No target-family name match; no leakage keyword found in label/description; wave predates second follow-up.
S2MCAREER,S2 D17F Teen is taking spring 2012 math b/c needs it for career,First follow-up (11th grade),KEEP,No target-family name match; no leakage keyword found in label/description; wave predates second follow-up.
S2MCLGSUCC,S2 D17E Teen is taking spring 2012 math b/c needs it to succeed in college,First follow-up (11th grade),KEEP,No target-family name match; no leakage keyword found in label/description; wave predates second follow-up.
S2MCLGADM,S2 D17D Teen is taking spring 2012 math b/c needs it to get into college,First follow-up (11th grade),KEEP,No target-family name match; no leakage keyword found in label/description; wave predates second follow-up.
S2MHSREQ,S2 D17C Teen is taking spring 2012 math b/c it is a school requirement,First follow-up (11th grade),KEEP,No target-family name match; no leakage keyword found in label/description; wave predates second follow-up.
S2MCHALLENGE,S2 D17B Teen is taking spring 2012 math b/c he/she likes to be challenged,First follow-up (11th grade),KEEP,No target-family name match; no leakage keyword found in label/description; wave predates second follow-up.
S2MENJOYS,S2 D17A Teen is taking spring 2012 math b/c he/she really enjoys math,First follow-up (11th grade),KEEP,No target-family name match; no leakage keyword found in label/description; wave predates second follow-up.
S2HIMATH12,S2 D16 Most challenging math course spring 2012,First follow-up (11th grade),KEEP,No target-family name match; no leakage keyword found in label/description; wave predates second follow-up.
S2REVIEWM12,S2 D15R Taking business/general/applied/technical/review math in spring 2012,First follow-up (11th grade),KEEP,No target-family name match; no leakage keyword found in label/description; wave predates second follow-up.
S2INTGM312,S2 D15O Taking integrated math III or above spring 2012,First follow-up (11th grade),KEEP,No target-family name match; no leakage keyword found in label/description; wave predates second follow-up.
S2MPARREC,S2 D17I Teen is taking spring 2012 math b/c parent(s) encouraged it,First follow-up (11th grade),KEEP,No target-family name match; no leakage keyword found in label/description; wave predates second follow-up.
X2SES3,X2 Socio-economic status composite - multiple imputation value 3 of 5,First follow-up (11th grade),KEEP,No target-family name match; no leakage keyword found in label/description; wave predates second follow-up.
X2SES2,X2 Socio-economic status composite - multiple imputation value 2 of 5,First follow-up (11th grade),KEEP,No target-family name match; no leakage keyword found in label/description; wave predates second follow-up.
X2SES1,X2 Socio-economic status composite - multiple imputation value 1 of 5,First follow-up (11th grade),KEEP,No target-family name match; no leakage keyword found in label/description; wave predates second follow-up.
X2TXMTH5,X2 Mathematics theta score - multiple imputation value 5 of 5,First follow-up (11th grade),KEEP,No target-family name match; no leakage keyword found in label/description; wave predates second follow-up.
X2TXMTH4,X2 Mathematics theta score - multiple imputation value 4 of 5,First follow-up (11th grade),KEEP,No target-family name match; no leakage keyword found in label/description; wave predates second follow-up.
X2TXMTH3,X2 Mathematics theta score - multiple imputation value 3 of 5,First follow-up (11th grade),KEEP,No target-family name match; no leakage keyword found in label/description; wave predates second follow-up.
X2TXMTH2,X2 Mathematics theta score - multiple imputation value 2 of 5,First follow-up (11th grade),KEEP,No target-family name match; no leakage keyword found in label/description; wave predates second follow-up.
X1TXMQUINT,X1 Mathematics quintile score,Base year (9th grade),KEEP,No target-family name match; no leakage keyword found in label/description; wave predates second follow-up.
P1MUSEUM,P1 E07A Went to science or engineering museum with 9th grader in last year,Base year (9th grade),KEEP,No target-family name match; no leakage keyword found in label/description; wave predates second follow-up.
P1NOOUTSCH,P1 E06H Didn't participate in any listed out of school activities in last year,Base year (9th grade),KEEP,No target-family name match; no leakage keyword found in label/description; wave predates second follow-up.
S2SFRIEND,S2 D25L Teen is taking spring 2012 science b/c friends taking it,First follow-up (11th grade),KEEP,No target-family name match; no leakage keyword found in label/description; wave predates second follow-up.
P1CAMPMS,P1 E06F Participated in math or science camp outside of school in last year,Base year (9th grade),KEEP,No target-family name match; no leakage keyword found in label/description; wave predates second follow-up.
P1SPORTS,P1 E06B Participated in organized sports outside of school in last year,Base year (9th grade),KEEP,No target-family name match; no leakage keyword found in label/description; wave predates second follow-up.
P1ARTS,P1 E06A Participated in performing/visual arts outside of school in last year,Base year (9th grade),KEEP,No target-family name match; no leakage keyword found in label/description; wave predates second follow-up.
P1SCIHWEFF,P1 E04B Confidence in helping with 9th grade science homework,Base year (9th grade),KEEP,No target-family name match; no leakage keyword found in label/description; wave predates second follow-up.
P1VOLUNTEER,P1 E02E Served as a school volunteer since start of 2009-10 school year,Base year (9th grade),KEEP,No target-family name match; no leakage keyword found in label/description; wave predates second follow-up.
P1SCHEVENT,P1 E02D Attended school event since start of 2009-10 school year,Base year (9th grade),KEEP,No target-family name match; no leakage keyword found in label/description; wave predates second follow-up.
P1PERFORM,P1 D13C How often parent contacted by school about poor performance,Base year (9th grade),KEEP,No target-family name match; no leakage keyword found in label/description; wave predates second follow-up.
P1BEHAVE,P1 D13A How often parent contacted by school about problem behavior,Base year (9th grade),KEEP,No target-family name match; no leakage keyword found in label/description; wave predates second follow-up.
P1SUSPEND,P1 D12 Whether 9th grader has ever been suspended or expelled,Base year (9th grade),KEEP,No target-family name match; no leakage keyword found in label/description; wave predates second follow-up.
P1HONORS,P1 D09 Whether 9th grader is currently enrolled in honors course,Base year (9th grade),KEEP,No target-family name match; no leakage keyword found in label/description; wave predates second follow-up.
P1MOOD,P1 D06C How much difficulty 9th grader has feeling anxious or depressed,Base year (9th grade),KEEP,No target-family name match; no leakage keyword found in label/description; wave predates second follow-up.
P1CAMPOTH,P1 E06G Participated in another camp outside of school in last year,Base year (9th grade),KEEP,No target-family name match; no leakage keyword found in label/description; wave predates second follow-up.
X1SCIID,X1 Scale of student's science identity,Base year (9th grade),KEEP,No target-family name match; no leakage keyword found in label/description; wave predates second follow-up.
X1MTHID,X1 Scale of student's mathematics identity,Base year (9th grade),KEEP,No target-family name match; no leakage keyword found in label/description; wave predates second follow-up.
X1SESQ5_U,X1 Quintile coding of X1SES_U composite derived with locale (urbanicity),Base year (9th grade),KEEP,No target-family name match; no leakage keyword found in label/description; wave predates second follow-up.
X1SESQ5,X1 Quintile coding of X1SES composite,Base year (9th grade),KEEP,No target-family name match; no leakage keyword found in label/description; wave predates second follow-up.
X1POVERTY185,X1 Poverty indicator (relative to 185% of Census poverty threshold),Base year (9th grade),KEEP,No target-family name match; no leakage keyword found in label/description; wave predates second follow-up.
X1POVERTY130,X1 Poverty indicator (relative to 130% of Census poverty threshold),Base year (9th grade),KEEP,No target-family name match; no leakage keyword found in label/description; wave predates second follow-up.
X1POVERTY,X1 Poverty indicator (relative to 100% of Census poverty threshold),Base year (9th grade),KEEP,No target-family name match; no leakage keyword found in label/description; wave predates second follow-up.
X1FAMINCOME,X1 Total family income from all sources 2008,Base year (9th grade),KEEP,No target-family name match; no leakage keyword found in label/description; wave predates second follow-up.
X1DADRACE,X1 Father's race/ethnicity,Base year (9th grade),KEEP,No target-family name match; no leakage keyword found in label/description; wave predates second follow-up.
X1DADREL,X1 Father/male guardian's relationship to 9th grader,Base year (9th grade),KEEP,No target-family name match; no leakage keyword found in label/description; wave predates second follow-up.
X2SES4,X2 Socio-economic status composite - multiple imputation value 4 of 5,First follow-up (11th grade),KEEP,No target-family name match; no leakage keyword found in label/description; wave predates second follow-up.
X1PAR2RACE,X1 Parent 2: race/ethnicity,Base year (9th grade),KEEP,No target-family name match; no leakage keyword found in label/description; wave predates second follow-up.
X1PAR2EDU,X1 Parent 2: highest level of education,Base year (9th grade),KEEP,No target-family name match; no leakage keyword found in label/description; wave predates second follow-up.
X1PAR1RACE,X1 Parent 1: race/ethnicity,Base year (9th grade),KEEP,No target-family name match; no leakage keyword found in label/description; wave predates second follow-up.
X1SCIEFF,X1 Scale of student's science self-efficacy,Base year (9th grade),KEEP,No target-family name match; no leakage keyword found in label/description; wave predates second follow-up.
X2TXMTH1,X2 Mathematics theta score - multiple imputation value 1 of 5,First follow-up (11th grade),KEEP,No target-family name match; no leakage keyword found in label/description; wave predates second follow-up.
X2SES5_U,X2 SES derived with locale (urbanicity) - multiple imputation value 5 of 5,First follow-up (11th grade),KEEP,No target-family name match; no leakage keyword found in label/description; wave predates second follow-up.
X2SES4_U,X2 SES derived with locale (urbanicity) - multiple imputation value 4 of 5,First follow-up (11th grade),KEEP,No target-family name match; no leakage keyword found in label/description; wave predates second follow-up.
X2SES3_U,X2 SES derived with locale (urbanicity) - multiple imputation value 3 of 5,First follow-up (11th grade),KEEP,No target-family name match; no leakage keyword found in label/description; wave predates second follow-up.
X2SES2_U,X2 SES derived with locale (urbanicity) - multiple imputation value 2 of 5,First follow-up (11th grade),KEEP,No target-family name match; no leakage keyword found in label/description; wave predates second follow-up.
X2SES1_U,X2 SES derived with locale (urbanicity) - multiple imputation value 1 of 5,First follow-up (11th grade),KEEP,No target-family name match; no leakage keyword found in label/description; wave predates second follow-up.
X2SES5,X2 Socio-economic status composite - multiple imputation value 5 of 5,First follow-up (11th grade),KEEP,No target-family name match; no leakage keyword found in label/description; wave predates second follow-up.
X1MOMRACE,X1 Mother's race/ethnicity,Base year (9th grade),KEEP,No target-family name match; no leakage keyword found in label/description; wave predates second follow-up.
S2SASSEXCL,S2 D28G Teen confident can do excellent job on (spring 2012) science assignments,First follow-up (11th grade),KEEP,No target-family name match; no leakage keyword found in label/description; wave predates second follow-up.
S2SBORING,S2 D28F Teen thinks (spring 2012) science course is boring,First follow-up (11th grade),KEEP,No target-family name match; no leakage keyword found in label/description; wave predates second follow-up.
S2STESTS,S2 D28E Teen confident can do an excellent job on (spring 2012) science tests,First follow-up (11th grade),KEEP,No target-family name match; no leakage keyword found in label/description; wave predates second follow-up.
S2SSKILLS,S2 D28D Teen certain can master skills taught in (spring 2012) science course,First follow-up (11th grade),KEEP,No target-family name match; no leakage keyword found in label/description; wave predates second follow-up.
S2SWASTE,S2 D28C Teen thinks (spring 2012) science course is a waste of time,First follow-up (11th grade),KEEP,No target-family name match; no leakage keyword found in label/description; wave predates second follow-up.
S2STEXTBOOK,S2 D28B Teen certain can understand (spring 2012) science textbook,First follow-up (11th grade),KEEP,No target-family name match; no leakage keyword found in label/description; wave predates second follow-up.
S2SENJOYING,S2 D28A 9th grader is enjoying spring 2012 science course very much,First follow-up (11th grade),KEEP,No target-family name match; no leakage keyword found in label/description; wave predates second follow-up.
S2SGETBY,S2 D27D How often did as little work as possible in spring 2012 science course,First follow-up (11th grade),KEEP,No target-family name match; no leakage keyword found in label/description; wave predates second follow-up.
S2SSTOPTRYING,S2 D27C How often stopped trying in spring 2012 science course,First follow-up (11th grade),KEEP,No target-family name match; no leakage keyword found in label/description; wave predates second follow-up.
S2SONTIME,S2 D27B How often turned in assignments on time in spring 2012 science course,First follow-up (11th grade),KEEP,No target-family name match; no leakage keyword found in label/description; wave predates second follow-up.
P1LEARN,P1 D06A How much difficulty 9th grader has learning or paying attention,Base year (9th grade),KEEP,No target-family name match; no leakage keyword found in label/description; wave predates second follow-up.
S2STCHGIVEUP,S2 D26E Teen's spring 2012 science teacher doesn't let students give up,First follow-up (11th grade),KEEP,No target-family name match; no leakage keyword found in label/description; wave predates second follow-up.
S2STCHTHINK,"S2 D26D Teen's spring 2012 science teacher wants students to think, not memorize",First follow-up (11th grade),KEEP,No target-family name match; no leakage keyword found in label/description; wave predates second follow-up.
S2STCHEASY,S2 D26C Teen's spring 2012 science teacher makes science easy to understand,First follow-up (11th grade),KEEP,No target-family name match; no leakage keyword found in label/description; wave predates second follow-up.
S2STCHINTRST,S2 D26B Teen's spring 2012 science teacher makes science interesting,First follow-up (11th grade),KEEP,No target-family name match; no leakage keyword found in label/description; wave predates second follow-up.
S2STCHTREAT,S2 D26A Teen's spring 2012 science teacher treats some kids better than others,First follow-up (11th grade),KEEP,No target-family name match; no leakage keyword found in label/description; wave predates second follow-up.
S2SASSIGNED,S2 D25N Teen is taking spring 2012 science b/c it was assigned,First follow-up (11th grade),KEEP,No target-family name match; no leakage keyword found in label/description; wave predates second follow-up.
S2SDOWELL,S2 D25M Teen is taking spring 2012 science b/c does well in science,First follow-up (11th grade),KEEP,No target-family name match; no leakage keyword found in label/description; wave predates second follow-up.
S2FOCUS2013,S2 C13 Main focus in fall 2013,First follow-up (11th grade),KEEP,No target-family name match; no leakage keyword found in label/description; wave predates second follow-up.
S2SFAMREC,S2 D25J Teen is taking spring 2012 science b/c family member encouraged it,First follow-up (11th grade),KEEP,No target-family name match; no leakage keyword found in label/description; wave predates second follow-up.
S2SPARREC,S2 D25I Teen is taking spring 2012 science b/c parent(s) encouraged it,First follow-up (11th grade),KEEP,No target-family name match; no leakage keyword found in label/description; wave predates second follow-up.
S2STCHRREC,S2 D25H Teen is taking spring 2012 science b/c teacher encouraged it,First follow-up (11th grade),KEEP,No target-family name match; no leakage keyword found in label/description; wave predates second follow-up.
S2SATTENTION,S2 D27A How often paid attention to spring 2012 science teacher,First follow-up (11th grade),KEEP,No target-family name match; no leakage keyword found in label/description; wave predates second follow-up.
P1ADHDMED,P1 D05 9th grader is currently taking medication for ADD or ADHD,Base year (9th grade),KEEP,No target-family name match; no leakage keyword found in label/description; wave predates second follow-up.
P1SPECIALED,P1 D04 9th grader is currently receiving Special Education Services,Base year (9th grade),KEEP,No target-family name match; no leakage keyword found in label/description; wave predates second follow-up.
P1ADHD,P1 D03G Doctor/school has told parent 9th grader has ADD or ADHD,Base year (9th grade),KEEP,No target-family name match; no leakage keyword found in label/description; wave predates second follow-up.
P1DD,P1 D03B Doctor/school has told parent 9th grader has developmental delay,Base year (9th grade),KEEP,No target-family name match; no leakage keyword found in label/description; wave predates second follow-up.
P1SLD,P1 D03A Doctor/school has told parent 9th grader has learning disability,Base year (9th grade),KEEP,No target-family name match; no leakage keyword found in label/description; wave predates second follow-up.
P1REPEATGRD,P1 D01 Ninth grader has repeated a grade,Base year (9th grade),KEEP,No target-family name match; no leakage keyword found in label/description; wave predates second follow-up.
P1INCOMECAT,P1 C18 Household income in 2008-categorical form,Base year (9th grade),KEEP,No target-family name match; no leakage keyword found in label/description; wave predates second follow-up.
P1HOURS2,P1 C15 Hours Parent 2 works/worked per week,Base year (9th grade),KEEP,No target-family name match; no leakage keyword found in label/description; wave predates second follow-up.
P1USBORN9,P1 B17 Whether student was born in the U.S.,Base year (9th grade),KEEP,No target-family name match; no leakage keyword found in label/description; wave predates second follow-up.
S2HSJOBEVER,S2 F08 Ever worked for pay during high school year,First follow-up (11th grade),KEEP,No target-family name match; no leakage keyword found in label/description; wave predates second follow-up.
S2MUSEJOB,S2 E02C Teenager thinks math is useful for future career,First follow-up (11th grade),KEEP,No target-family name match; no leakage keyword found in label/description; wave predates second follow-up.
S2CLUBTIME,S2 F06E Does not study more because has organized activities,First follow-up (11th grade),KEEP,No target-family name match; no leakage keyword found in label/description; wave predates second follow-up.
S2HANGOUT,S2 F06D Does not study more because wants to hang out with friends,First follow-up (11th grade),KEEP,No target-family name match; no leakage keyword found in label/description; wave predates second follow-up.
S2HIGHGRADES,S2 F06C Does not study more because grades are already high,First follow-up (11th grade),KEEP,No target-family name match; no leakage keyword found in label/description; wave predates second follow-up.
S2CANTSEND,S2 F06B Does not study more because can't afford college,First follow-up (11th grade),KEEP,No target-family name match; no leakage keyword found in label/description; wave predates second follow-up.
S2DONTCARE,S2 F06A Does not study more because doesn't care about higher grades,First follow-up (11th grade),KEEP,No target-family name match; no leakage keyword found in label/description; wave predates second follow-up.
S2STUDYMORE,S2 F05 Thinks would earn higher grades if spent more time studying,First follow-up (11th grade),KEEP,No target-family name match; no leakage keyword found in label/description; wave predates second follow-up.
S2OHOMEWRK,S2 F04C Hours spent on other homework/studying in typical schoolweek,First follow-up (11th grade),KEEP,No target-family name match; no leakage keyword found in label/description; wave predates second follow-up.
S2ACADEMIC,S2 F02F Received academic instruction outside of school since fall 2009,First follow-up (11th grade),KEEP,No target-family name match; no leakage keyword found in label/description; wave predates second follow-up.
S2CANTAFFORD,"S2 E07A Even if accepted to college, family can't afford to send teen",First follow-up (11th grade),KEEP,No target-family name match; no leakage keyword found in label/description; wave predates second follow-up.
S2PAYOFF,S2 E06A Teen thinks studying in high school rarely pays off later with good job,First follow-up (11th grade),KEEP,No target-family name match; no leakage keyword found in label/description; wave predates second follow-up.
S2SUSEJOB,S2 E04C Teenager thinks science is useful for future career,First follow-up (11th grade),KEEP,No target-family name match; no leakage keyword found in label/description; wave predates second follow-up.
S2JOBTIME,S2 F06H Does not study more because job takes too much time,First follow-up (11th grade),KEEP,No target-family name match; no leakage keyword found in label/description; wave predates second follow-up.
X3THILANG,X3 Highest non-English language,HS transcript (post-11th),KEEP,No target-family name match; no leakage keyword found in label/description; wave predates second follow-up.
X3THIOTHSCI,X3 Highest level other science course taken/pipeline,HS transcript (post-11th),KEEP,No target-family name match; no leakage keyword found in label/description; wave predates second follow-up.
X3THIPHY,X3 Highest level physics course taken/pipeline,HS transcript (post-11th),KEEP,No target-family name match; no leakage keyword found in label/description; wave predates second follow-up.
X3THICHEM,X3 Highest level chemistry course taken/pipeline,HS transcript (post-11th),KEEP,No target-family name match; no leakage keyword found in label/description; wave predates second follow-up.
X3THIBIO,X3 Highest level biology course taken/pipeline,HS transcript (post-11th),KEEP,No target-family name match; no leakage keyword found in label/description; wave predates second follow-up.
X3THISCI,X3 Highest level science course taken,HS transcript (post-11th),KEEP,No target-family name match; no leakage keyword found in label/description; wave predates second follow-up.
X3T1CREDESCI,X3 At least one credit earned in: geology/earth science,HS transcript (post-11th),KEEP,No target-family name match; no leakage keyword found in label/description; wave predates second follow-up.
X3T1CREDCHEM,X3 At least one credit earned in: chemistry,HS transcript (post-11th),KEEP,No target-family name match; no leakage keyword found in label/description; wave predates second follow-up.
X3T1CREDBIOL,X3 At least one credit earned in: biology,HS transcript (post-11th),KEEP,No target-family name match; no leakage keyword found in label/description; wave predates second follow-up.
X3TWHENALG1,X3 When student took algebra I,HS transcript (post-11th),KEEP,No target-family name match; no leakage keyword found in label/description; wave predates second follow-up.
S2SATNUM,S2 C02B Number of times teenager has taken the SAT or ACT,First follow-up (11th grade),KEEP,No target-family name match; no leakage keyword found in label/description; wave predates second follow-up.
X3THIMATH,X3 Highest level mathematics course taken/pipeline,HS transcript (post-11th),KEEP,No target-family name match; no leakage keyword found in label/description; wave predates second follow-up.
X3T1CREDTRIG,X3 At least one credit earned in: trigonometry,HS transcript (post-11th),KEEP,No target-family name match; no leakage keyword found in label/description; wave predates second follow-up.
X3T1CREDSTAT,X3 At least one credit earned in: statistics/probability,HS transcript (post-11th),KEEP,No target-family name match; no leakage keyword found in label/description; wave predates second follow-up.
X3T1CREDGEO,X3 At least one credit earned in: geometry,HS transcript (post-11th),KEEP,No target-family name match; no leakage keyword found in label/description; wave predates second follow-up.
X3T1CREDALG2,X3 At least one credit earned in: algebra 2,HS transcript (post-11th),KEEP,No target-family name match; no leakage keyword found in label/description; wave predates second follow-up.
X3T1CREDALG1,X3 At least one credit earned in: algebra 1,HS transcript (post-11th),KEEP,No target-family name match; no leakage keyword found in label/description; wave predates second follow-up.
X3CLASSES,X3 Imputed version of S3CLASSES,HS transcript (post-11th),KEEP,No target-family name match; no leakage keyword found in label/description; wave predates second follow-up.
X2S2SSPR12,X2 S2 Teenager taking science/computer science/tech class(es) in spring 2012,First follow-up (11th grade),KEEP,No target-family name match; no leakage keyword found in label/description; wave predates second follow-up.
X2SCIINT,X2 Scale of student's interest in fall 2009 science course,First follow-up (11th grade),KEEP,No target-family name match; no leakage keyword found in label/description; wave predates second follow-up.
X2SCIEFF,X2 Scale of student's science self-efficacy,First follow-up (11th grade),KEEP,No target-family name match; no leakage keyword found in label/description; wave predates second follow-up.
X2SCIID,X2 Scale of student's science identity,First follow-up (11th grade),KEEP,No target-family name match; no leakage keyword found in label/description; wave predates second follow-up.
X3THIMATH9,X3 Highest level mathematics course taken - ninth grade,HS transcript (post-11th),KEEP,No target-family name match; no leakage keyword found in label/description; wave predates second follow-up.
S1MTESTS,S1 C08A 9th grader confident can do excellent job on fall 2009 math tests,Base year (9th grade),KEEP,No target-family name match; no leakage keyword found in label/description; wave predates second follow-up.
S1MUSEJOB,S1 C07C 9th grader thinks fall 2009 math course is useful for future career,Base year (9th grade),KEEP,No target-family name match; no leakage keyword found in label/description; wave predates second follow-up.
S1MCAREER,S1 C05J 9th grader is taking fall 2009 math b/c needs it for career,Base year (9th grade),KEEP,No target-family name match; no leakage keyword found in label/description; wave predates second follow-up.
S1MCLGSUCC,S1 C05I 9th grader is taking fall 2009 math b/c needs it to succeed in college,Base year (9th grade),KEEP,No target-family name match; no leakage keyword found in label/description; wave predates second follow-up.
S1MPARENT,S1 C05E 9th grader is taking fall 2009 math b/c parent(s) encouraged it,Base year (9th grade),KEEP,No target-family name match; no leakage keyword found in label/description; wave predates second follow-up.
S1MCHALLENGE,S1 C05B 9th grader is taking fall 2009 math b/c he/she likes to be challenged,Base year (9th grade),KEEP,No target-family name match; no leakage keyword found in label/description; wave predates second follow-up.
S1MENJOYS,S1 C05A 9th grader is taking fall 2009 math b/c he/she really enjoys math,Base year (9th grade),KEEP,No target-family name match; no leakage keyword found in label/description; wave predates second follow-up.
S1ALG2M09,S1 C04C 9th grader is taking Algebra II in fall 2009 term,Base year (9th grade),KEEP,No target-family name match; no leakage keyword found in label/description; wave predates second follow-up.
S1GEOM09,S1 C04B 9th grader is taking Geometry in fall 2009 term,Base year (9th grade),KEEP,No target-family name match; no leakage keyword found in label/description; wave predates second follow-up.
S1ALG1M09,S1 C04A 9th grader is taking Algebra I (including IA and IB) in fall 2009 term,Base year (9th grade),KEEP,No target-family name match; no leakage keyword found in label/description; wave predates second follow-up.
X3TNEWBASIC,X3 New basics requirements,HS transcript (post-11th),KEEP,No target-family name match; no leakage keyword found in label/description; wave predates second follow-up.
S1MPERSON2,S1 C01B Others see 9th grader as a math person,Base year (9th grade),KEEP,No target-family name match; no leakage keyword found in label/description; wave predates second follow-up.
S1MPERSON1,S1 C01A 9th grader sees himself/herself as a math person,Base year (9th grade),KEEP,No target-family name match; no leakage keyword found in label/description; wave predates second follow-up.
S1S8GRADE,S1 B09 Final grade in 9th grader's most advanced 8th grade science course,Base year (9th grade),KEEP,No target-family name match; no leakage keyword found in label/description; wave predates second follow-up.
S1M8GRADE,S1 B07 Final grade in 9th grader's most advanced 8th grade math course,Base year (9th grade),KEEP,No target-family name match; no leakage keyword found in label/description; wave predates second follow-up.
S1M8,S1 B06 Most advanced math course taken by 9th grader in the 8th grade,Base year (9th grade),KEEP,No target-family name match; no leakage keyword found in label/description; wave predates second follow-up.
S1NOMSACT,S1 B04I 9th grader did not participate in any math/science activities listed,Base year (9th grade),KEEP,No target-family name match; no leakage keyword found in label/description; wave predates second follow-up.
S1SCOMPETE,S1 B04F 9th grader participated in science competition since start of 08-09 year,Base year (9th grade),KEEP,No target-family name match; no leakage keyword found in label/description; wave predates second follow-up.
S1MCOMPETE,S1 B04B 9th grader participated in math competition since start of 08-09 year,Base year (9th grade),KEEP,No target-family name match; no leakage keyword found in label/description; wave predates second follow-up.
S1MCLUB,S1 B04A 9th grader participated in math club since start of 08-09 school year,Base year (9th grade),KEEP,No target-family name match; no leakage keyword found in label/description; wave predates second follow-up.
S1LANG1ST,"S1 A07 First language 9th grader learned to speak is English, Spanish, or other",Base year (9th grade),KEEP,No target-family name match; no leakage keyword found in label/description; wave predates second follow-up.
S1BIRTHYR,S1 A06C 9th grader's year of birth,Base year (9th grade),KEEP,No target-family name match; no leakage keyword found in label/description; wave predates second follow-up.
S1MUNDERST,S1 C02 How often 9th grader thinks he/she really understands math assignments,Base year (9th grade),KEEP,No target-family name match; no leakage keyword found in label/description; wave predates second follow-up.
X1TXMTH3,X1 Mathematics theta score - multiple imputation value 3 of 5,Base year (9th grade),KEEP,No target-family name match; no leakage keyword found in label/description; wave predates second follow-up.
X1TXMTH2,X1 Mathematics theta score - multiple imputation value 2 of 5,Base year (9th grade),KEEP,No target-family name match; no leakage keyword found in label/description; wave predates second follow-up.
X1TXMTH1,X1 Mathematics theta score - multiple imputation value 1 of 5,Base year (9th grade),KEEP,No target-family name match; no leakage keyword found in label/description; wave predates second follow-up.
C1CLUSTER,C1 B30 Career Clusters/Pathways/Programs of Study (POS) offered,Base year (9th grade),KEEP,No target-family name match; no leakage keyword found in label/description; wave predates second follow-up.
P1HELPPAY,P1 F19 Family plans to help 9th grader pay for postsecondary education,Base year (9th grade),KEEP,No target-family name match; no leakage keyword found in label/description; wave predates second follow-up.
P1START,P1 F06 When 9th grader will start education after high school,Base year (9th grade),KEEP,No target-family name match; no leakage keyword found in label/description; wave predates second follow-up.
P1TYPEPS,P1 F05 Type of postsecondary institution 9th grader will attend first,Base year (9th grade),KEEP,No target-family name match; no leakage keyword found in label/description; wave predates second follow-up.
P1ABLEBA,P1 F03 9th grader has ability to complete a Bachelor's degree,Base year (9th grade),KEEP,No target-family name match; no leakage keyword found in label/description; wave predates second follow-up.
P1EDUEXPECT,P1 F02 How far in school 9th grader will go,Base year (9th grade),KEEP,No target-family name match; no leakage keyword found in label/description; wave predates second follow-up.
P1EDUASPIRE,P1 F01 How far in school would like 9th grader to go,Base year (9th grade),KEEP,No target-family name match; no leakage keyword found in label/description; wave predates second follow-up.
X2MTHEFF,X2 Scale of student's mathematics self-efficacy,First follow-up (11th grade),KEEP,No target-family name match; no leakage keyword found in label/description; wave predates second follow-up.
P1LIBRARY,P1 E07G Visited a library with 9th grader in last year,Base year (9th grade),KEEP,No target-family name match; no leakage keyword found in label/description; wave predates second follow-up.
P1STEMDISC,P1 E07F Discussed STEM program or article with 9th grader in last year,Base year (9th grade),KEEP,"MANUAL REVIEW RESOLVED - KEEP. Parent-reported behavior (discussed a STEM program/article with the 9th grader) from the base-year PARENT questionnaire (wave 1). Measures parental engagement/exposure, not the student's own major/field decision. Temporally 3+ years before the second-follow-up entry-major report."
X1TXMTH5,X1 Mathematics theta score - multiple imputation value 5 of 5,Base year (9th grade),KEEP,No target-family name match; no leakage keyword found in label/description; wave predates second follow-up.
X1TXMTSCOR,X1 Mathematics standardized theta score,Base year (9th grade),KEEP,No target-family name match; no leakage keyword found in label/description; wave predates second follow-up.
X1TXMSCR,X1 Mathematics IRT-estimated number right score (of 72 base year items),Base year (9th grade),KEEP,No target-family name match; no leakage keyword found in label/description; wave predates second follow-up.
X1TXMTH,X1 Mathematics theta score,Base year (9th grade),KEEP,No target-family name match; no leakage keyword found in label/description; wave predates second follow-up.
X1BLACK,X1 Student is Black or African American-composite,Base year (9th grade),KEEP,No target-family name match; no leakage keyword found in label/description; wave predates second follow-up.
X1WHITE,X1 Student is White-composite,Base year (9th grade),KEEP,No target-family name match; no leakage keyword found in label/description; wave predates second follow-up.
X1HISPANIC,X1 Student is Hispanic/Latino/Latina-composite,Base year (9th grade),KEEP,No target-family name match; no leakage keyword found in label/description; wave predates second follow-up.
X1RACE,X1 Student's race/ethnicity-composite,Base year (9th grade),KEEP,No target-family name match; no leakage keyword found in label/description; wave predates second follow-up.
X3CLASSES_IM,X3 Imputation flag for X3CLASSES,HS transcript (post-11th),KEEP,No target-family name match; no leakage keyword found in label/description; wave predates second follow-up.
P1SHOW,"P1 E07H Went to a play, concert or live show with 9th grader in last year",Base year (9th grade),KEEP,No target-family name match; no leakage keyword found in label/description; wave predates second follow-up.
X2MTHUTI,X2 Scale of student's mathematics utility,First follow-up (11th grade),KEEP,No target-family name match; no leakage keyword found in label/description; wave predates second follow-up.
X2MTHID,X2 Scale of student's mathematics identity,First follow-up (11th grade),KEEP,No target-family name match; no leakage keyword found in label/description; wave predates second follow-up.
X2SEFFORT,X2 Scale of science class effort,First follow-up (11th grade),KEEP,No target-family name match; no leakage keyword found in label/description; wave predates second follow-up.
X2MEFFORT,X2 Scale of math class effort,First follow-up (11th grade),KEEP,No target-family name match; no leakage keyword found in label/description; wave predates second follow-up.
X2SESQ5_U,X2 Quintile coding of X2SES_U composite derived with locale (urbanicity),First follow-up (11th grade),KEEP,No target-family name match; no leakage keyword found in label/description; wave predates second follow-up.
X2SESQ5,X2 Quintile coding of X2SES composite,First follow-up (11th grade),KEEP,No target-family name match; no leakage keyword found in label/description; wave predates second follow-up.
X2POVERTY185,X2 Poverty indicator (relative to 185% of Census poverty threshold),First follow-up (11th grade),KEEP,No target-family name match; no leakage keyword found in label/description; wave predates second follow-up.
X2POVERTY130,X2 Poverty indicator (relative to 130% of Census poverty threshold),First follow-up (11th grade),KEEP,No target-family name match; no leakage keyword found in label/description; wave predates second follow-up.
X2POVERTY,X2 Poverty indicator (relative to 100% of Census poverty threshold),First follow-up (11th grade),KEEP,No target-family name match; no leakage keyword found in label/description; wave predates second follow-up.
X2FAMINCOME,X2 Total family income from all sources 2011,First follow-up (11th grade),KEEP,No target-family name match; no leakage keyword found in label/description; wave predates second follow-up.
X1TXMTH4,X1 Mathematics theta score - multiple imputation value 4 of 5,Base year (9th grade),KEEP,No target-family name match; no leakage keyword found in label/description; wave predates second follow-up.
X2TXMPROF4,X2 Mathematics proficiency probability score: level 4,First follow-up (11th grade),KEEP,No target-family name match; no leakage keyword found in label/description; wave predates second follow-up.
X2TXMPROF3,X2 Mathematics proficiency probability score: level 3,First follow-up (11th grade),KEEP,No target-family name match; no leakage keyword found in label/description; wave predates second follow-up.
X2X1TXMSCR,X2 Mathematics IRT-estimated number right score at time of base year (of 118 first follow-up items),First follow-up (11th grade),KEEP,No target-family name match; no leakage keyword found in label/description; wave predates second follow-up.
X2TXMTH,X2 Mathematics theta score,First follow-up (11th grade),KEEP,No target-family name match; no leakage keyword found in label/description; wave predates second follow-up.
X2BLACK,X2 Student is Black or African American-composite,First follow-up (11th grade),KEEP,No target-family name match; no leakage keyword found in label/description; wave predates second follow-up.
X2WHITE,X2 Student is White-composite,First follow-up (11th grade),KEEP,No target-family name match; no leakage keyword found in label/description; wave predates second follow-up.
X2HISPANIC,X2 Student is Hispanic/Latino/Latina-composite,First follow-up (11th grade),KEEP,No target-family name match; no leakage keyword found in label/description; wave predates second follow-up.
X2RACE,X2 Student's race/ethnicity-composite,First follow-up (11th grade),KEEP,No target-family name match; no leakage keyword found in label/description; wave predates second follow-up.
X1PAREDEXPCT,X1 How far in school parent thinks 9th grader will go,Base year (9th grade),KEEP,No target-family name match; no leakage keyword found in label/description; wave predates second follow-up.
X1STUEDEXPCT,X1 How far in school 9th grader thinks he/she will get,Base year (9th grade),KEEP,No target-family name match; no leakage keyword found in label/description; wave predates second follow-up.
P1FIXED,P1 E07C Built or fixed something with 9th grader in last year,Base year (9th grade),KEEP,No target-family name match; no leakage keyword found in label/description; wave predates second follow-up.
X2DADREL,X2 Father/male guardian's relationship to sample member,First follow-up (11th grade),KEEP,No target-family name match; no leakage keyword found in label/description; wave predates second follow-up.
S1SREASFRND,S1 F05K Plans to take more science courses because friends are going to,Base year (9th grade),KEEP,No target-family name match; no leakage keyword found in label/description; wave predates second follow-up.
S1SREASUSE,S1 F05J Plans to take more science courses because will be useful in college,Base year (9th grade),KEEP,No target-family name match; no leakage keyword found in label/description; wave predates second follow-up.
S1SREASCLG,S1 F05I Plans to take more science courses because will help to get into college,Base year (9th grade),KEEP,No target-family name match; no leakage keyword found in label/description; wave predates second follow-up.
S1SREASENJOY,S1 F05H Plans to take more science courses because they enjoy studying science,Base year (9th grade),KEEP,No target-family name match; no leakage keyword found in label/description; wave predates second follow-up.
S1SREASLIKE,S1 F05G Plans to take more science courses because most students like them do,Base year (9th grade),KEEP,No target-family name match; no leakage keyword found in label/description; wave predates second follow-up.
S1SREASJOB,S1 F05F Plans to take more science courses because needed for desired career,Base year (9th grade),KEEP,No target-family name match; no leakage keyword found in label/description; wave predates second follow-up.
S1SREASGOOD,S1 F05E Plans to take more science courses because he/she is good at science,Base year (9th grade),KEEP,No target-family name match; no leakage keyword found in label/description; wave predates second follow-up.
S1SREASTCHR,S1 F05C Plans to take more science courses because teachers want him/her to,Base year (9th grade),KEEP,No target-family name match; no leakage keyword found in label/description; wave predates second follow-up.
S1SREASPAR,S1 F05B Plans to take more science courses because parents want him/her to,Base year (9th grade),KEEP,No target-family name match; no leakage keyword found in label/description; wave predates second follow-up.
S1SYRS,S1 F04 Number of years of science coursework 9th grader expects to take in HS,Base year (9th grade),KEEP,No target-family name match; no leakage keyword found in label/description; wave predates second follow-up.
S1MTEXTBOOK,S1 C08B 9th grader certain can understand fall 2009 math textbook,Base year (9th grade),KEEP,No target-family name match; no leakage keyword found in label/description; wave predates second follow-up.
S1APCALC,S1 F03A 9th grader plans to enroll in an Advanced Placement (AP) calculus course,Base year (9th grade),KEEP,No target-family name match; no leakage keyword found in label/description; wave predates second follow-up.
S1MREASNOT,S1 F02M Does not know why plans to take more math courses,Base year (9th grade),KEEP,No target-family name match; no leakage keyword found in label/description; wave predates second follow-up.
S1MREASFRND,S1 F02K Plans to take more math courses because friends are going to,Base year (9th grade),KEEP,No target-family name match; no leakage keyword found in label/description; wave predates second follow-up.
S1MREASUSE,S1 F02J Plans to take more math courses because will be useful in college,Base year (9th grade),KEEP,No target-family name match; no leakage keyword found in label/description; wave predates second follow-up.
S1MREASCLG,S1 F02I Plans to take more math courses because will help to get into college,Base year (9th grade),KEEP,No target-family name match; no leakage keyword found in label/description; wave predates second follow-up.
S1MREASENJOY,S1 F02H Plans to take more math courses because they enjoy studying math,Base year (9th grade),KEEP,No target-family name match; no leakage keyword found in label/description; wave predates second follow-up.
S1MREASLIKE,S1 F02G Plans to take more math courses because most students like them do,Base year (9th grade),KEEP,No target-family name match; no leakage keyword found in label/description; wave predates second follow-up.
S1MREASJOB,S1 F02F Plans to take more math courses because needed for desired career,Base year (9th grade),KEEP,No target-family name match; no leakage keyword found in label/description; wave predates second follow-up.
S1MREASGOOD,S1 F02E Plans to take more math courses because he/she is good at math,Base year (9th grade),KEEP,No target-family name match; no leakage keyword found in label/description; wave predates second follow-up.
S1MREASPAR,S1 F02B Plans to take more math courses because parents want him/her to,Base year (9th grade),KEEP,No target-family name match; no leakage keyword found in label/description; wave predates second follow-up.
S1MYRS,S1 F01 Number of years of math coursework 9th grader expects to take in HS,Base year (9th grade),KEEP,No target-family name match; no leakage keyword found in label/description; wave predates second follow-up.
S1IBCALC,S1 F03B 9th grader plans to enroll in International Baccalaureate (IB) calculus,Base year (9th grade),KEEP,No target-family name match; no leakage keyword found in label/description; wave predates second follow-up.
S2HS2013,S2 C12E Expects to attend HS or GED completion course in fall 2013,First follow-up (11th grade),KEEP,No target-family name match; no leakage keyword found in label/description; wave predates second follow-up.
S2FAMILY2013,S2 C12D Expects to start family/take care of children in fall 2013,First follow-up (11th grade),KEEP,No target-family name match; no leakage keyword found in label/description; wave predates second follow-up.
S2FRFTJOB,S2 C05G How many friends plan to get full-time job instead of education,First follow-up (11th grade),KEEP,No target-family name match; no leakage keyword found in label/description; wave predates second follow-up.
S2FRCLGEXAM,"S2 C05C How many friends have taken PSAT, SAT, PLAN or ACT",First follow-up (11th grade),KEEP,No target-family name match; no leakage keyword found in label/description; wave predates second follow-up.
X1PAR1EDU,X1 Parent 1: highest level of education,Base year (9th grade),KEEP,No target-family name match; no leakage keyword found in label/description; wave predates second follow-up.
S2PSATNUM,S2 C02A Number of times teenager has taken the PSAT or PLAN,First follow-up (11th grade),KEEP,No target-family name match; no leakage keyword found in label/description; wave predates second follow-up.
S1FYNOTSURE,S1 G05J 9th grader does not know what he/she will do in 1st year after HS,Base year (9th grade),KEEP,"MANUAL REVIEW RESOLVED - KEEP. Flags one checkbox option ('does not know what to do') from a 9th-grade (wave 1) multi-select item on POST-HS PATHWAY TYPE, not field of study or major. Matched the keyword filter only via the shared question stem's phrase 'degree program'."
S1FYTRAVEL,S1 G05H 9th grader plans to travel in 1st year after HS,Base year (9th grade),KEEP,MANUAL REVIEW RESOLVED - KEEP. Same 9th-grade (wave 1) multi-select pathway-type item; this flag covers the 'plans to travel' checkbox option. Not field-of-study/major information.
S1FYMILITARY,S1 G05E 9th grader plans to join the armed services in 1st year after HS,Base year (9th grade),KEEP,MANUAL REVIEW RESOLVED - KEEP. Same 9th-grade (wave 1) multi-select pathway-type item; this flag covers the 'plans to join armed services' checkbox option. Not field-of-study/major information.
S1FYBA,S1 G05B 9th grader plans to enroll in Bachelor's program in 1st year after HS,Base year (9th grade),KEEP,"MANUAL REVIEW RESOLVED - KEEP. Same 9th-grade (wave 1) multi-select pathway-type item; this flag covers the 'plans to enroll in a Bachelor's program' checkbox option (credential TYPE only, not field/major). Matched the keyword filter only via the shared question stem's phrase 'degree program'."
S1SREASNOT,S1 F05M Does not know why plans to take more science courses,Base year (9th grade),KEEP,No target-family name match; no leakage keyword found in label/description; wave predates second follow-up.
S1ABILITYBA,S1 G03 9th grader thinks he/she has the ability to complete a Bachelor's degree,Base year (9th grade),KEEP,No target-family name match; no leakage keyword found in label/description; wave predates second follow-up.
S1SURECLG,S1 G02 How sure 9th grader is that he/she will go to college to pursue a BA/BS,Base year (9th grade),KEEP,No target-family name match; no leakage keyword found in label/description; wave predates second follow-up.
S1EDUEXPECT,S1 G01 How far in school 9th grader thinks he/she will get,Base year (9th grade),KEEP,No target-family name match; no leakage keyword found in label/description; wave predates second follow-up.
S1SUREHSGRAD,S1 F10 How sure 9th grader is that he/she will graduate from high school,Base year (9th grade),KEEP,No target-family name match; no leakage keyword found in label/description; wave predates second follow-up.
S1AP,S1 F09D 9th grader has taken/plans to take an Advanced Placement (AP) test,Base year (9th grade),KEEP,No target-family name match; no leakage keyword found in label/description; wave predates second follow-up.
S1ACT,S1 F09C 9th grader has taken or plans to take the ACT,Base year (9th grade),KEEP,No target-family name match; no leakage keyword found in label/description; wave predates second follow-up.
S1SAT,S1 F09B 9th grader has taken or plans to take the SAT,Base year (9th grade),KEEP,No target-family name match; no leakage keyword found in label/description; wave predates second follow-up.
S1PSAT,S1 F09A 9th grader has taken or plans to take the PSAT,Base year (9th grade),KEEP,No target-family name match; no leakage keyword found in label/description; wave predates second follow-up.
S1PLAN,S1 F07 9th grader has put together an education plan and/or career plan,Base year (9th grade),KEEP,No target-family name match; no leakage keyword found in label/description; wave predates second follow-up.
S1IBSCI,S1 F06B 9th grader plans to enroll in International Baccalaureate (IB) science,Base year (9th grade),KEEP,No target-family name match; no leakage keyword found in label/description; wave predates second follow-up.
S1APS,S1 F06A 9th grader plans to enroll in an Advanced Placement (AP) science course,Base year (9th grade),KEEP,No target-family name match; no leakage keyword found in label/description; wave predates second follow-up.
S1BAAGE30,S1 G04 9th grader would be disappointed if he/she didn't have a BA/BS by age 30,Base year (9th grade),KEEP,No target-family name match; no leakage keyword found in label/description; wave predates second follow-up.
S1NOHWDN,S1 E02A How often 9th grader goes to class without their homework done,Base year (9th grade),KEEP,No target-family name match; no leakage keyword found in label/description; wave predates second follow-up.
S1GOODGRADES,S1 E01E Getting good grades is important to 9th grader,Base year (9th grade),KEEP,No target-family name match; no leakage keyword found in label/description; wave predates second follow-up.
S1SASSEXCL,S1 D08D 9th grader confident can do excellent job on fall 09 science assignments,Base year (9th grade),KEEP,No target-family name match; no leakage keyword found in label/description; wave predates second follow-up.
S1SSKILLS,S1 D08C 9th grader certain can master skills in fall 2009 science course,Base year (9th grade),KEEP,No target-family name match; no leakage keyword found in label/description; wave predates second follow-up.
S1STEXTBOOK,S1 D08B 9th grader certain can understand fall 2009 science textbook,Base year (9th grade),KEEP,No target-family name match; no leakage keyword found in label/description; wave predates second follow-up.
S1STESTS,S1 D08A 9th grader confident can do excellent job on fall 2009 science tests,Base year (9th grade),KEEP,No target-family name match; no leakage keyword found in label/description; wave predates second follow-up.
S1SUSEJOB,S1 D07C 9th grader thinks fall 2009 science course is useful for future career,Base year (9th grade),KEEP,No target-family name match; no leakage keyword found in label/description; wave predates second follow-up.
S1SUSECLG,S1 D07B 9th grader thinks fall 2009 science course will be useful for college,Base year (9th grade),KEEP,No target-family name match; no leakage keyword found in label/description; wave predates second follow-up.
S1SUSELIFE,S1 D07A 9th grader thinks fall 2009 science course is useful for everyday life,Base year (9th grade),KEEP,No target-family name match; no leakage keyword found in label/description; wave predates second follow-up.
S1SWASTE,S1 D06B 9th grader thinks fall 2009 science course is a waste of time,Base year (9th grade),KEEP,No target-family name match; no leakage keyword found in label/description; wave predates second follow-up.
S1FRNDSCHOOL,S1 E12B 9th grader's closest friend is interested in school,Base year (9th grade),KEEP,No target-family name match; no leakage keyword found in label/description; wave predates second follow-up.
S1SCAREER,S1 D05J 9th grader is taking fall 2009 science b/c needs it for career,Base year (9th grade),KEEP,No target-family name match; no leakage keyword found in label/description; wave predates second follow-up.
S1SCLGSUCC,S1 D05I 9th grader is taking fall 09 science b/c needs it to succeed in college,Base year (9th grade),KEEP,No target-family name match; no leakage keyword found in label/description; wave predates second follow-up.
S1SPARENT,S1 D05E 9th grader is taking fall 2009 science b/c parent(s) encouraged it,Base year (9th grade),KEEP,No target-family name match; no leakage keyword found in label/description; wave predates second follow-up.
S1SCHALLENGE,S1 D05B 9th grader is taking fall 2009 science b/c he/she likes to be challenged,Base year (9th grade),KEEP,No target-family name match; no leakage keyword found in label/description; wave predates second follow-up.
S1SENJOYS,S1 D05A 9th grader is taking fall 2009 science b/c he/she really enjoys science,Base year (9th grade),KEEP,No target-family name match; no leakage keyword found in label/description; wave predates second follow-up.
S1BIO1S09,S1 D04A 9th grader is taking Biology I in fall 2009 term,Base year (9th grade),KEEP,No target-family name match; no leakage keyword found in label/description; wave predates second follow-up.
S1SUNDERST,S1 D02 How often 9th grader thinks he/she really understands science assignments,Base year (9th grade),KEEP,No target-family name match; no leakage keyword found in label/description; wave predates second follow-up.
S1SPERSON2,S1 D01B Others see 9th grader as a science person,Base year (9th grade),KEEP,No target-family name match; no leakage keyword found in label/description; wave predates second follow-up.
S1SPERSON1,S1 D01A 9th grader sees himself/herself as a science person,Base year (9th grade),KEEP,No target-family name match; no leakage keyword found in label/description; wave predates second follow-up.
S1MASSEXCL,S1 C08D 9th grader confident can do excellent job on fall 2009 math assignments,Base year (9th grade),KEEP,No target-family name match; no leakage keyword found in label/description; wave predates second follow-up.
S1MSKILLS,S1 C08C 9th grader certain can master skills in fall 2009 math course,Base year (9th grade),KEEP,No target-family name match; no leakage keyword found in label/description; wave predates second follow-up.
S1SENJOYING,S1 D06A 9th grader is enjoying fall 2009 science course very much,Base year (9th grade),KEEP,No target-family name match; no leakage keyword found in label/description; wave predates second follow-up.
S1NOTALKPRB,S1 E11F 9th grader didn't talk to these people about personal problems,Base year (9th grade),KEEP,No target-family name match; no leakage keyword found in label/description; wave predates second follow-up.
S1FRNDTLKPRB,S1 E11C 9th grader talked to friends about personal problems,Base year (9th grade),KEEP,No target-family name match; no leakage keyword found in label/description; wave predates second follow-up.
S1DADTALKPRB,S1 E11B 9th grader talked to father about personal problems,Base year (9th grade),KEEP,No target-family name match; no leakage keyword found in label/description; wave predates second follow-up.
S1FRNDTLKJOB,S1 E10C 9th grader talked to friends about adult jobs/careers,Base year (9th grade),KEEP,No target-family name match; no leakage keyword found in label/description; wave predates second follow-up.
S1DADTALKJOB,S1 E10B 9th grader talked to father about adult jobs/careers,Base year (9th grade),KEEP,No target-family name match; no leakage keyword found in label/description; wave predates second follow-up.
S1FRNDTLKCLG,S1 E09C 9th grader talked to friends about going to college,Base year (9th grade),KEEP,No target-family name match; no leakage keyword found in label/description; wave predates second follow-up.
S1DADTALKCLG,S1 E09B 9th grader talked to father about going to college,Base year (9th grade),KEEP,No target-family name match; no leakage keyword found in label/description; wave predates second follow-up.
S1NOTALKOTH,S1 E08F 9th grader didn't talk to these people about 2009-2010 other courses,Base year (9th grade),KEEP,No target-family name match; no leakage keyword found in label/description; wave predates second follow-up.
S1FRNDTLKOTH,S1 E08C 9th grader talked to friends about other courses to take in 2009-2010,Base year (9th grade),KEEP,No target-family name match; no leakage keyword found in label/description; wave predates second follow-up.
S1DADTALKOTH,S1 E08B 9th grader talked to father about other courses to take in 2009-2010,Base year (9th grade),KEEP,No target-family name match; no leakage keyword found in label/description; wave predates second follow-up.
S1FAVSUBJ,S1 E03 9th grader's favorite school subject,Base year (9th grade),KEEP,No target-family name match; no leakage keyword found in label/description; wave predates second follow-up.
S1NOTALKS,S1 E07F 9th grader didn't talk to these people about 2009-2010 science courses,Base year (9th grade),KEEP,No target-family name match; no leakage keyword found in label/description; wave predates second follow-up.
S1FRNDTALKS,S1 E07C 9th grader talked to friends about science courses to take in 2009-2010,Base year (9th grade),KEEP,No target-family name match; no leakage keyword found in label/description; wave predates second follow-up.
S1DADTALKS,S1 E07B 9th grader talked to father about science courses to take in 2009-2010,Base year (9th grade),KEEP,No target-family name match; no leakage keyword found in label/description; wave predates second follow-up.
S1MOMTALKS,S1 E07A 9th grader talked to mother about science courses to take in 2009-2010,Base year (9th grade),KEEP,No target-family name match; no leakage keyword found in label/description; wave predates second follow-up.
S1NOTALKM,S1 E06F 9th grader didn't talk to these people about 2009-2010 math courses,Base year (9th grade),KEEP,No target-family name match; no leakage keyword found in label/description; wave predates second follow-up.
S1DADTALKM,S1 E06B 9th grader talked to father about math courses to take in 2009-2010,Base year (9th grade),KEEP,No target-family name match; no leakage keyword found in label/description; wave predates second follow-up.
S1MOMTALKM,S1 E06A 9th grader talked to mother about math courses to take in 2009-2010,Base year (9th grade),KEEP,No target-family name match; no leakage keyword found in label/description; wave predates second follow-up.
S1WORKING,S1 E05D 9th grader thinks working is more important for him/her than college,Base year (9th grade),KEEP,No target-family name match; no leakage keyword found in label/description; wave predates second follow-up.
S1GETINTOCLG,S1 E05B 9th grader thinks even if he/she studies he/she won't get into college,Base year (9th grade),KEEP,No target-family name match; no leakage keyword found in label/description; wave predates second follow-up.
S1PAYOFF,S1 E05A 9th grader thinks studying in school rarely pays off later with good job,Base year (9th grade),KEEP,No target-family name match; no leakage keyword found in label/description; wave predates second follow-up.
S1LEASTSUBJ,S1 E04 9th grader's least favorite school subject,Base year (9th grade),KEEP,No target-family name match; no leakage keyword found in label/description; wave predates second follow-up.
S1MOMTALKOTH,S1 E08A 9th grader talked to mother about other courses to take in 2009-2010,Base year (9th grade),KEEP,No target-family name match; no leakage keyword found in label/description; wave predates second follow-up.
